# Output File Name, URL
userlist.csv, https://docs.google.com/spreadsheets/d/1amdxXb57fQ7S7BvvQppEMmh4cHci84J_wvSCA0qRlqs/export?format=csv&gid=751207401
nedokolist.csv, https://docs.google.com/spreadsheets/d/1Vm4POnP5Y49aUrMXFaSixljmWF9IeHNXzY4OIZjPB4c/export?format=csv&gid=283113776
SafeHousePoster_000.png, https://drive.google.com/uc?export=download&id=1A67nO_-tsuOTyLE_lXPo_BAsCfGLwrJw 
SafeHousePoster_001.png, https://drive.google.com/uc?export=download&id=1gYElHlLI0ITkQZ4y_8n3Cj1WlqedImGP
SafeHousePoster_002.png, https://drive.google.com/uc?export=download&id=1fVXsI0b08YshHGojHw1XLJTYEuoPzwWX
SafeHousePoster_003.png, https://drive.google.com/uc?export=download&id=1NkdqbEiO8e4DPHXp2A__argaejuV6nYn
SafeHousePoster_004.png, https://drive.google.com/uc?export=download&id=1viYL4zgVe8sGabAdB5F4h4CMhMI9eexO
SafeHousePoster_005.png, https://drive.google.com/uc?export=download&id=1Y0Xlmlo7IZaM5_NjIamwDZFwZq8VK-1V
SafeHousePoster_006.png, https://drive.google.com/uc?export=download&id=1-E1WI3BEufa47wEZjuzR_hAwJLBBQcCi
SafeHousePoster_007.png, https://drive.google.com/uc?export=download&id=1l_-ehgs_xh6ODZyWQJOnAo6nII14-Rqm
SafeHousePoster_008.png, https://drive.google.com/uc?export=download&id=1ezFAJypHJVD2NiZuyqA2N4E2S7Hw7y0r
SafeHousePoster_009.png, https://drive.google.com/uc?export=download&id=1W7pfDjuXK6ihy-fd6D4fQ37eGW4YbqwU
